Title,listing_title,short_description,Description,Segment,listing_image,Images,detail_url,Website,Email,ContactPhone,Founders,Status,Investments,Certification,Team,Programs,LookingForTeam
"""4You""","""4You""",Psixoloji xidmətlər üçün onlayn platforma,Psixoloji xidmətlər üçün onlayn platforma,Tibb,https://www.startup.az/frontend/web/uploads//images/Startup%20%C5%9F%C9%99had%C9%99tnam%C9%99si1/4you.jpg,https://www.startup.az/frontend/web/uploads//images/Startup%20%C5%9F%C9%99had%C9%99tnam%C9%99si1/4you.jpg,https://www.startup.az/startup-content/4you-445,https://4youcare.com/,support@4youcare.com,+994 50 431 51 43,“4YOUKİD” MMC,İşləyir,Axtarılmır,Var,,,
Abyss,Abyss,"Dünyadakı developerlərin ünsiyyət qurması, netvorking yaratması və ən əsası, kod parçalarını alıb-satması üçün onlayn platforma","Dünyadakı developerlərin ünsiyyət qurması, netvorking yaratması və ən əsası, kod parçalarını alıb-satması üçün onlayn platforma",Maliyyə və e-ticarət,https://www.startup.az/frontend/web/uploads//images/investor/innoland.png,https://www.startup.az/frontend/web/uploads//images/investor/innoland.png,https://www.startup.az/startup-content/abyss-253,abysshub.com,kamal.taghizade@outlook.com,0502280003,"Kamal Tağızadə, Rashid Aliev",İşləyir,Axtarılmır,Yoxdur,3 nəfər,“INNOLAND” İnkubasiya və Akselerasiya Mərkəzi,Xeyr
"""Adscreen""","""Adscreen""",Taksi sərnişinləri üçün rəqəmsal reklam platforması,Taksi sərnişinləri üçün rəqəmsal reklam platforması,Nəqliyyat,https://www.startup.az/frontend/web/uploads//images/Startup%20%C5%9F%C9%99had%C9%99tnam%C9%99si/kob.jpg,https://www.startup.az/frontend/web/uploads//images/Startup%20%C5%9F%C9%99had%C9%99tnam%C9%99si/kob.jpg,https://www.startup.az/startup-content/adscreen-434,-----,info@startup.az,,"""Adscreen"" Məhdud Məsuliyyətli Cəmiyyəti",İşləyir,Axtarılmır,Var,,,
"""Ainuvision”","""Ainuvision”",Video kontent üzərindən ağıllı axtarış platforması,Video kontent üzərindən ağıllı axtarış platforması,Qacetlər,https://www.startup.az/frontend/web/uploads//images/Startup%20%C5%9F%C9%99had%C9%99tnam%C9%99si1/maxresdefault.jpg,https://www.startup.az/frontend/web/uploads//images/Startup%20%C5%9F%C9%99had%C9%99tnam%C9%99si1/maxresdefault.jpg,https://www.startup.az/startup-content/ainuvision-458,https://www.ainuvision.com/,contact@ainuverse.com,,"""Ainuverse” MMC",İşləyir,Axtarılmır,Var,,,
AlfinX,AlfinX,Bizneslər üçün Aİ əsaslı platforma,Bizneslər üçün Aİ əsaslı platforma,Marketinq,https://www.startup.az/frontend/web/uploads//images/Startup%20%C5%9F%C9%99had%C9%99tnam%C9%99si/kob.jpg,https://www.startup.az/frontend/web/uploads//images/Startup%20%C5%9F%C9%99had%C9%99tnam%C9%99si/kob.jpg,https://www.startup.az/startup-content/alfinx-411,https://alfinx.com/az,info@simic.app,+994 55 425 06 12,"""Simic App"" MMC",İşləyir,Axtarılmır,Var,,,
"""Alimok""","""Alimok""",Uşaqların şəxsi inkişaf və zehni biliklərini inkişaf etdirmək üçün təhsil platforması,Uşaqların şəxsi inkişaf və zehni biliklərini inkişaf etdirmək üçün təhsil platforması,Təhsil,https://www.startup.az/frontend/web/uploads//images/kobia.jpg,https://www.startup.az/frontend/web/uploads//images/kobia.jpg,https://www.startup.az/startup-content/alimok-221,http://vxsida.gov.az/az,support@alimok.com,994 50 204 66 91,"""Alimok"" MMC",Satış edir,25 min AZN-ə qədər,Var,,,
Alkredit.az,Alkredit.az,"Alkreditaz saytı kredit məhsullarının axtarışı, muqayisəsi və onlayn müraciəti üçün yaradılmış layihədir","Alkredit.az saytı kredit məhsullarının axtarışı, muqayisəsi və onlayn müraciəti üçün yaradılmış layihədir. | alkredit.az, kreditlər arasında müqayisə edərək sizə ən uyğun olanını seçməyinizə koməklik göstərir. Kreditləri faiz miqdarına görə, məbləğin həcminə görə, alınan komissiyaya görə və digər bütün şərtlərinə görə sıralaya bilər, sizə ən sərfəli olanını seçə bilərsiniz. alkredit.az saytı hal hazırda kredit kartları, istehlak kreditləri, avto kreditlər, mikrokreditlər, biznes kreditləri və ipoteka krediti üzrə ixtisaslaşmışdır.",Marketinq,https://www.startup.az/frontend/web/uploads//images/alkredit.jpeg,https://www.startup.az/frontend/web/uploads//images/alkredit.jpeg,https://www.startup.az/startup-content/alkredit.az-91,https://alkredit.az/,info@alkredit.az,051 333 18 00,-----,Satış edir,50 min AZN -ə,Yoxdur,1-10,,-----
"""All Fitness""","""All Fitness""",Fitness klublara abunəlik və dəqiqə hesabı qoşulmaq üçün platforma,Fitness klublara abunəlik və dəqiqə hesabı qoşulmaq üçün platforma,İdman,https://www.startup.az/frontend/web/uploads//images/investor/kob.jpg,https://www.startup.az/frontend/web/uploads//images/investor/kob.jpg,https://www.startup.az/startup-content/all-fitness-330,http://vxsida.gov.az/az,info@startup.az,,"""All Fitness"" MMC",İşləyir,Axtarılmır,Var,,,
“Allinus”,“Allinus”,Onlayn sorğu platforması,Onlayn sorğu platforması,Qacetlər,https://www.startup.az/frontend/web/uploads//images/Startup%20%C5%9F%C9%99had%C9%99tnam%C9%99si1/Allinus.png,https://www.startup.az/frontend/web/uploads//images/Startup%20%C5%9F%C9%99had%C9%99tnam%C9%99si1/Allinus.png,https://www.startup.az/startup-content/allinus-439,https://allinus.az/,info@allinus.az,+994 55 909 80 00,"""Allin.Us"" MMC",İşləyir,Axtarılmır,Var,,,
"""Alpha N Hospitality"" layihəsi","""Alpha N Hospitality"" layihəsi",Qidalanma prosesini optimallaşdıran platforma və mobil tətbiq,Qidalanma prosesini optimallaşdıran platforma və mobil tətbiq,Qacetlər,https://www.startup.az/frontend/web/uploads//images/Startuplar/kobia.jpg,https://www.startup.az/frontend/web/uploads//images/Startuplar/kobia.jpg,https://www.startup.az/startup-content/alpha-n-hospitality-layihesi-381,https://www.anhosp.com/az,info@anhosp.com,+994 50 785 29 73,“Alfa Hospitality” MMC,İşləyir,Axtarılmır,Var,,,
Audiokitab,Audiokitab,"“Audiokitab” yeni texnologiyalar vasitəsilə insanların klassik, müasir Azərbaycan dünya yazıçıları və onların əsərləri haqqında məlumatlandırır Bu innovativ layihə dincləyicilərin mütaliə vərdişlərinin təkmilləşdirir və onlarda mütaliə mədəniyyətinin inkişaf etirir","“Audiokitab” yeni texnologiyalar vasitəsilə insanların klassik, müasir Azərbaycan dünya yazıçıları və onların əsərləri haqqında məlumatlandırır. Bu innovativ layihə dincləyicilərin mütaliə vərdişlərinin təkmilləşdirir və onlarda mütaliə mədəniyyətinin inkişaf etirir.",Həyat tərzi,https://www.startup.az/frontend/web/uploads//images/audio.jpg,https://www.startup.az/frontend/web/uploads//images/audio.jpg,https://www.startup.az/startup-content/audiokitab-196,https://audiokitab.az/,contact@audiokitab.com,+994557600220,-----,Satış edir,Axtarılmır,Yoxdur,------,,
"""Autoreport"" layihəsi","""Autoreport"" layihəsi",“Autoreport” ikinci əl avtomobillər üçün məlumat bazası,“Autoreport” ikinci əl avtomobillər üçün məlumat bazası,Nəqliyyat,https://www.startup.az/frontend/web/uploads//images/Startuplar/autoreport.jpg,https://www.startup.az/frontend/web/uploads//images/Startuplar/autoreport.jpg,https://www.startup.az/startup-content/autoreport-layihesi-367,www.autoreport.az,support@autoreport.az,(+994)513177260,“ND Opinions” MMC,İşləyir,25 min AZN-ə qədər,Var,,,
“Avtomend”,“Avtomend”,Avtomobil parklarının idarə edilməsi üçün onlayn platforma,Avtomobil parklarının idarə edilməsi üçün onlayn platforma,Nəqliyyat,https://www.startup.az/frontend/web/uploads//images/Startup%20%C5%9F%C9%99had%C9%99tnam%C9%99si1/avtomend.png,https://www.startup.az/frontend/web/uploads//images/Startup%20%C5%9F%C9%99had%C9%99tnam%C9%99si1/avtomend.png,https://www.startup.az/startup-content/avtomend-483,https://avtomend.az/,info@avtomend.az,+99450 201 46 54,“Avtomend”  MMC,İşləyir,Axtarılmır,Var,,,
“Azari Express” layihəsi,“Azari Express” layihəsi,Kuryer xidmətlərinin idarəedilməsi üçün onlayn platforma,Kuryer xidmətlərinin idarəedilməsi üçün onlayn platforma,Nəqliyyat,https://www.startup.az/frontend/web/uploads//images/Startup%20%C5%9F%C9%99had%C9%99tnam%C9%99si1/images-2.png,https://www.startup.az/frontend/web/uploads//images/Startup%20%C5%9F%C9%99had%C9%99tnam%C9%99si1/images-2.png,https://www.startup.az/startup-content/azari-express-layihesi-397,https://azariexpress.az/,office@azariexpress.az,+994 12 596 68 62,“Azari” MMC,İşləyir,Axtarılmır,Var,,,
AzDimension,AzDimension,"AzDimension oyunlar və innovasiyalar üzrə ixtisaslaşmış müstəqil şirkətdir Komanda həm yerli, həm də beynəlxalq layihələrdə işləmiş təcrübəli proqramçılardan ibarətdir","AzDimension oyunlar və innovasiyalar üzrə ixtisaslaşmış müstəqil şirkətdir. Komanda həm yerli, həm də beynəlxalq layihələrdə işləmiş təcrübəli proqramçılardan ibarətdir.",Oyun,https://www.startup.az/frontend/web/uploads//images/azdemension.jpeg,https://www.startup.az/frontend/web/uploads//images/azdemension.jpeg,https://www.startup.az/startup-content/azdimension-101,https://azdimension.az/,azdimension@gmail.com,-----,-----,Satış edir,Axtarılmır,Yoxdur,1-10,,
"""AZDO CUSPERCO""","""AZDO CUSPERCO""",Sifarişçi və icraçılar üçün onlayn platforma,Sifarişçi və icraçılar üçün onlayn platforma,Maliyyə və e-ticarət,https://www.startup.az/frontend/web/uploads//images/azdo.png,https://www.startup.az/frontend/web/uploads//images/azdo.png,https://www.startup.az/startup-content/azdo-cusperco-177,-----,info@startup.az,,"""CUSPERCO"" MMC",İşləyir,Axtarılmır,Var,,,
“Azprofeed”,“Azprofeed”,Kənd təsərrüfatı və qida tullantılarının emalı ilə alternativ yağ və proteinlərin istehsalı,Kənd təsərrüfatı və qida tullantılarının emalı ilə alternativ yağ və proteinlərin istehsalı,Kənd təsərrüfatı,https://www.startup.az/frontend/web/uploads//images/Startup%20%C5%9F%C9%99had%C9%99tnam%C9%99si/kob.jpg,https://www.startup.az/frontend/web/uploads//images/Startup%20%C5%9F%C9%99had%C9%99tnam%C9%99si/kob.jpg,https://www.startup.az/startup-content/azprofeed-448,-----,info@startup.az,,Mirzəyev Rafiq,İşləyir,Axtarılmır,Var,,,
"""Aztruck"" layihəsi","""Aztruck"" layihəsi",Ağır tonnajlı tərəzilər üçün proqram təminatı,Ağır tonnajlı tərəzilər üçün proqram təminatı,Nəqliyyat,https://www.startup.az/frontend/web/uploads//images/Startuplar/aztruck.jpg,https://www.startup.az/frontend/web/uploads//images/Startuplar/aztruck.jpg,https://www.startup.az/startup-content/aztruck-layihesi-366,https://avtomatika.az/,info@avtomatika.az,(+99455) 714 26 66,"""AvtomatikaAz"" MMC",İşləyir,25 min AZN-ə qədər,Var,,,
"""Bahshish.me""","""Bahshish.me""",Nağdsız bəxşiş ödəmə sistemiNağdsız bəxşiş ödəmə sistemi,Nağdsız bəxşiş ödəmə sistemiNağdsız bəxşiş ödəmə sistemi,Maliyyə və e-ticarət,,,https://www.startup.az/startup-content/bahshish.me-224,https://bahshish.me/,support@bahshish.me,0553808839,,Satış edir,Axtarılmır,Var,,,
“Baku Safe Locker”,“Baku Safe Locker”,Əl baqajlarının saxlanılması üçün özünəxidmət köşkləri,Əl baqajlarının saxlanılması üçün özünəxidmət köşkləri,Marketinq,https://www.startup.az/frontend/web/uploads//images/Startup%20%C5%9F%C9%99had%C9%99tnam%C9%99si/bakusafe.png,https://www.startup.az/frontend/web/uploads//images/Startup%20%C5%9F%C9%99had%C9%99tnam%C9%99si/bakusafe.png,https://www.startup.az/startup-content/baku-safe-locker-492,https://bakusafelocker.com/az/esas-s%C9%99hif%C9%99/,info@bakusafelocker.com,(+994) 55 888 48 25,Mütəllimova Aytac,İşləyir,Axtarılmır,Var,,,
Bein.az,Bein.az,Biznes subyektlərində elektron idarəetmənin təşkili üçün bulud tipli proqram təminatı,Biznes subyektlərində elektron idarəetmənin təşkili üçün bulud tipli proqram təminatı,Marketinq,https://www.startup.az/frontend/web/uploads//images/kobia.jpg,https://www.startup.az/frontend/web/uploads//images/kobia.jpg,https://www.startup.az/startup-content/bein.az-178,https://bein.az/,support@bein.az,+99450 2072240,Bein.az,İşləyir,Axtarılmır,Var,,,
Bildir.az,Bildir.az,"Platforma minlərlə istifadəçinin onlayn rejimdə ünsiyyət qurduğu, rəylərin ictimailəşdirildiyi və qiymətləndirildiyi bir yerdir Bir marka və ya məhsulu nəzərdən keçirərək, müsbət və mənfi cəhətlərini bölüşə, həmçinin təəssüratlarınız haqda başqalarına da məlumat verə bilərsiniz","Platforma minlərlə istifadəçinin onlayn rejimdə ünsiyyət qurduğu, rəylərin ictimailəşdirildiyi və qiymətləndirildiyi bir yerdir. Bir marka və ya məhsulu nəzərdən keçirərək, müsbət və mənfi cəhətlərini bölüşə, həmçinin təəssüratlarınız haqda başqalarına da məlumat verə bilərsiniz",Marketinq,https://www.startup.az/frontend/web/uploads//images/files/img/startup-days-mentors/bildiraz.png,https://www.startup.az/frontend/web/uploads//images/files/img/startup-days-mentors/bildiraz.png,https://www.startup.az/startup-content/bildir.az-212,https://www.bildir.az/,info@bildir.az,+994512292505,,Satış edir,1 milyon AZN +,Yoxdur,,,
“BillKill”,“BillKill”,Borcların hesablanması və yığımı üçün onlayn platforma,Borcların hesablanması və yığımı üçün onlayn platforma,Marketinq,https://www.startup.az/frontend/web/uploads//images/Startup%20%C5%9F%C9%99had%C9%99tnam%C9%99si/billkill.png,https://www.startup.az/frontend/web/uploads//images/Startup%20%C5%9F%C9%99had%C9%99tnam%C9%99si/billkill.png,https://www.startup.az/startup-content/billkill-478,https://www.billkill.az/,support@billkill.az,(+99451) 830 64 93,“Billing Pro” MMC,İşləyir,Axtarılmır,Var,,,
“BirDoc”,“BirDoc”,Sənədlərin idarəedilməsi və elektron imzalanması üçün platforma,Sənədlərin idarəedilməsi və elektron imzalanması üçün platforma,Marketinq,https://www.startup.az/frontend/web/uploads//images/Startup%20%C5%9F%C9%99had%C9%99tnam%C9%99si/kob.jpg,https://www.startup.az/frontend/web/uploads//images/Startup%20%C5%9F%C9%99had%C9%99tnam%C9%99si/kob.jpg,https://www.startup.az/startup-content/birdoc-470,-----,info@startup.az,,"""Optima Business Solutions"" MMC",İşləyir,Axtarılmır,Var,,,
Bonpini,Bonpini,Daşınmaz əmlakın şərikli kirayəsi üçün sosial şəbəkədir,Daşınmaz əmlakın şərikli kirayəsi üçün sosial şəbəkədir,Ev və yaşayış,https://www.startup.az/frontend/web/uploads//images/files/img/startup/bonpini.png,https://www.startup.az/frontend/web/uploads//images/files/img/startup/bonpini.png,https://www.startup.az/startup-content/bonpini-264,https://bonpini.com/,info@bonpini.az,+994 55 225 10 85,"Elmin İsgəndərov, Gül Əliyeva",İşləyir,Axtarılmır,Yoxdur,"1 Digital Marketing specialist, 1 Business development manager, 1 product manager",ABB Tech Akademiyası,Xeyr
“Bucard”,“Bucard”,Rəqəmsal biznes şəbəkəsi platforması,Rəqəmsal biznes şəbəkəsi platforması,Marketinq,https://www.startup.az/frontend/web/uploads//images/eco-system/kobia.jpg,https://www.startup.az/frontend/web/uploads//images/eco-system/kobia.jpg,https://www.startup.az/startup-content/bucard-338,http://vxsida.gov.az/az,info@startup.az,,Əkbərov Ramin Yaqub oğlu,İşləyir,Axtarılmır,Var,,,
"""Buta Vending""","""Buta Vending""",Hazır qidaların satışı üçün (sneklər) avtomatlaşdırılmış köşklərin istehsalı,Hazır qidaların satışı üçün (sneklər) avtomatlaşdırılmış köşklərin istehsalı,Ev və yaşayış,https://www.startup.az/frontend/web/uploads//images/kobia.jpg,https://www.startup.az/frontend/web/uploads//images/kobia.jpg,https://www.startup.az/startup-content/buta-vending-174,butavending.az,info@startup.az,,"""Buta Vending"" MMC",İşləyir,Axtarılmır,Yoxdur,,,
“BYQR”,“BYQR”,Restoranlar və otellər üçün rəqəmsal menu platforması,Restoranlar və otellər üçün rəqəmsal menu platforması,Əyləncə,https://www.startup.az/frontend/web/uploads//images/Startup%20%C5%9F%C9%99had%C9%99tnam%C9%99si1/images-5.png,https://www.startup.az/frontend/web/uploads//images/Startup%20%C5%9F%C9%99had%C9%99tnam%C9%99si1/images-5.png,https://www.startup.az/startup-content/byqr-467,https://byqrapp.com/en,contact@byqrapp.com,+994 70 324 54 14,“BYQR” MMC,İşləyir,Axtarılmır,Var,,,
Cagir.az,Cagir.az,Məişət xidmətlərinin alqı-satqısı üçün onlayn platforma,Məişət xidmətlərinin alqı-satqısı üçün onlayn platforma,Maliyyə və e-ticarət,https://www.startup.az/frontend/web/uploads//images/cagir.jpg,https://www.startup.az/frontend/web/uploads//images/cagir.jpg,https://www.startup.az/startup-content/cagir.az-165,Cagir.az,info@cagir.az,994 51 492 02 20,Təbriz Zeynalov,Satış edir,25 min AZN-ə qədər,Var,,,
"""CagroSoft"" layihəsi","""CagroSoft"" layihəsi",Logistika şirkətləri üçün ixtisaslaşmış proqram təminatı (SaaS),Logistika şirkətləri üçün ixtisaslaşmış proqram təminatı (SaaS),Marketinq,https://www.startup.az/frontend/web/uploads//images/Startuplar/kobia.jpg,https://www.startup.az/frontend/web/uploads//images/Startuplar/kobia.jpg,https://www.startup.az/startup-content/cagrosoft-layihesi-387,cagrosoft.az,info@startup.az,050 299 99 57,“İni.az” MMC,Bağlanıb,Axtarılmır,Var,,,
Cib.Business,Cib.Business,"Startap layihəsi biznesinizi inkişaf etdirmək üçün lazım olan bütün satış və e-ticarət imkanları bir platformada toplayıb CİB Biznes bütün satış proseslərini optimallaşdıran, inkişaf etdirən hamısı birində həldir","Startap layihəsi biznesinizi inkişaf etdirmək üçün lazım olan bütün satış və e-ticarət imkanları bir platformada toplayıb. CİB Biznes bütün satış proseslərini optimallaşdıran, inkişaf etdirən hamısı birində həldir.",Maliyyə və e-ticarət,https://www.startup.az/frontend/web/uploads//images/files/img/startup-days-mentors/cib.png,https://www.startup.az/frontend/web/uploads//images/files/img/startup-days-mentors/cib.png,https://www.startup.az/startup-content/cib.business-213,https://cib.business/az/home/,info@cib.business,055 202 71 55,,Satış edir,1 milyon AZN +,Yoxdur,,,
"“CİBPay""","“CİBPay""",Çoxfunksiyalı ödəniş platforması,Çoxfunksiyalı ödəniş platforması,Maliyyə və e-ticarət,https://www.startup.az/frontend/web/uploads//images/Startup%20%C5%9F%C9%99had%C9%99tnam%C9%99si1/cibpay.png,https://www.startup.az/frontend/web/uploads//images/Startup%20%C5%9F%C9%99had%C9%99tnam%C9%99si1/cibpay.png,https://www.startup.az/startup-content/cibpay-469,https://cibpay.az/,support@cibpay.az,,"“CİBPay""  MMC",İşləyir,Axtarılmır,Var,,,
“Classroomy”,“Classroomy”,İnteraktiv video təlim və kommunikasiya platforması,İnteraktiv video təlim və kommunikasiya platforması,Qacetlər,https://www.startup.az/frontend/web/uploads//images/Startup%20%C5%9F%C9%99had%C9%99tnam%C9%99si/kob.jpg,https://www.startup.az/frontend/web/uploads//images/Startup%20%C5%9F%C9%99had%C9%99tnam%C9%99si/kob.jpg,https://www.startup.az/startup-content/classroomy-453,-----,info@startup.az,,Gülmalızadə Rüfət,İşləyir,Axtarılmır,Var,,,
Clopos,Clopos,"Clopos restoran və pərakəndə satış biznesinizi avtomatlaşdırır Çox funksiyalı bulud əsaslı POS proqramı ilə evdə, yolda və ya Marsda satışa, əməkdaşlara, anbara, maliyyə axınına nəzarəti əlinizdə saxlayın","Clopos restoran və pərakəndə satış biznesinizi avtomatlaşdırır. Çox funksiyalı bulud əsaslı POS proqramı ilə evdə, yolda və ya Marsda satışa, əməkdaşlara, anbara, maliyyə axınına nəzarəti əlinizdə saxlayın. Biznesinizi ətraflı analiz edərək onun yeni yüksəliş yolunu çizin.",Həyat tərzi,https://www.startup.az/frontend/web/uploads//images/clopos.jpg,https://www.startup.az/frontend/web/uploads//images/clopos.jpg,https://www.startup.az/startup-content/clopos-204,https://www.clopos.com/,info@clopos.com,070 540 10 40,,Satış edir,1 milyon AZN +,Var,,,
“Coffeein”,“Coffeein”,"Kofeşop, kafe və restoranlarda abunəlik və keşbek funksiyalı alış imkanı verən mobil tətbiq","Kofeşop, kafe və restoranlarda abunəlik və keşbek funksiyalı alış imkanı verən mobil tətbiq",Marketinq,https://www.startup.az/frontend/web/uploads//images/Startup%20%C5%9F%C9%99had%C9%99tnam%C9%99si1/coffein.jpg,https://www.startup.az/frontend/web/uploads//images/Startup%20%C5%9F%C9%99had%C9%99tnam%C9%99si1/coffein.jpg,https://www.startup.az/startup-content/coffeein-484,https://coffeein.az/,info@startup.az,,“Firstit” MMC,Satış edir,Axtarılmır,Var,,,
“Cool Bears”,“Cool Bears”,Mobil və veb oyunların tərtibi və istehsalı,Mobil və veb oyunların tərtibi və istehsalı,Oyun,https://www.startup.az/frontend/web/uploads//images/Startup%20%C5%9F%C9%99had%C9%99tnam%C9%99si1/unnamed.jpg,https://www.startup.az/frontend/web/uploads//images/Startup%20%C5%9F%C9%99had%C9%99tnam%C9%99si1/unnamed.jpg,https://www.startup.az/startup-content/cool-bears-418,https://cool-bears.com/,-----,-----,"""Cool Bears"" MMC",İşləyir,Axtarılmır,Var,,,
“Dahi.az”,“Dahi.az”,Şagirdlər üçün oyun əsaslı onlayn təhsil platforması,Şagirdlər üçün oyun əsaslı onlayn təhsil platforması,Təhsil,https://www.startup.az/frontend/web/uploads//images/Startup%20%C5%9F%C9%99had%C9%99tnam%C9%99si1/dahiaz.png,https://www.startup.az/frontend/web/uploads//images/Startup%20%C5%9F%C9%99had%C9%99tnam%C9%99si1/dahiaz.png,https://www.startup.az/startup-content/dahi.az-440,https://dahi.az/,info@dahi.az,+994706531929,Əlizadə Şəmistan,İşləyir,Axtarılmır,Var,,,
"""Digital Material Purchasing""","""Digital Material Purchasing""",Satınalma prosesinin təşkili üçün onlayn platforma,Satınalma prosesinin təşkili üçün onlayn platforma,Marketinq,https://www.startup.az/frontend/web/uploads//images/Startup%20%C5%9F%C9%99had%C9%99tnam%C9%99si1/DMD.jpg,https://www.startup.az/frontend/web/uploads//images/Startup%20%C5%9F%C9%99had%C9%99tnam%C9%99si1/DMD.jpg,https://www.startup.az/startup-content/digital-material-purchasing-447,-----,info@startup.az,,"""Prodigitrack"" MMC",İşləyir,Axtarılmır,Var,,,
"""E-legal""","""E-legal""",Hüquq məsləhət xidmətlərinin onlayn təşkili,Hüquq məsləhət xidmətlərinin onlayn təşkili,Həyat tərzi,https://www.startup.az/frontend/web/uploads//images/kobia.jpg,https://www.startup.az/frontend/web/uploads//images/kobia.jpg,https://www.startup.az/startup-content/e-legal-193,shebibova@yahoo.com,shebibova@yahoo.com,994 50 733 00 99,S. Həbibova,Satış edir,25 min AZN-ə qədər,Var,,,
“E-mza”,“E-mza”,"Sənədlərin elektron hazırlanması, elektron imza ilə imzalanması, saxlanılması və idarəedilməsi üçün onlayn platforma (mobil tətbiq)","Sənədlərin elektron hazırlanması, elektron imza ilə imzalanması, saxlanılması və idarəedilməsi üçün onlayn platforma (mobil tətbiq)",Qacetlər,https://www.startup.az/frontend/web/uploads//images/Startup%20%C5%9F%C9%99had%C9%99tnam%C9%99si1/emza.png,https://www.startup.az/frontend/web/uploads//images/Startup%20%C5%9F%C9%99had%C9%99tnam%C9%99si1/emza.png,https://www.startup.az/startup-content/e-mza-488,https://e-mza.az/,info@e-mza.app,,“E-mza”  MMC,İşləyir,Axtarılmır,Var,,,
“E-sayar”,“E-sayar”,Onlayn mühasibat uçotu proqramı,Onlayn mühasibat uçotu proqramı,Marketinq,https://www.startup.az/frontend/web/uploads//images/files/img/people-org-comitet/E-SAYAR.png,https://www.startup.az/frontend/web/uploads//images/files/img/people-org-comitet/E-SAYAR.png,https://www.startup.az/startup-content/e-sayar-226,https://www.e-sayar.az/,info@e-sayar.az,"+994125144447, +994552992254",,Satış edir,Axtarılmır,Var,,,
“Eattable”,“Eattable”,Onlayn restoran tövsiyə və rezervasiya platforması (mobil tətbiqi),Onlayn restoran tövsiyə və rezervasiya platforması (mobil tətbiqi),Marketinq,https://www.startup.az/frontend/web/uploads//images/Startup%20%C5%9F%C9%99had%C9%99tnam%C9%99si1/Eattable.png,https://www.startup.az/frontend/web/uploads//images/Startup%20%C5%9F%C9%99had%C9%99tnam%C9%99si1/Eattable.png,https://www.startup.az/startup-content/eattable-441,https://eattable.com/,info@eattable.com,,“Eattable” MMC,İşləyir,Axtarılmır,Var,,,
“Ebilestore”,“Ebilestore”,Kütləvi tədbir təşkilatçıları üçün onlayn idarəetmə və bilet satışı platforması,Kütləvi tədbir təşkilatçıları üçün onlayn idarəetmə və bilet satışı platforması,Marketinq,https://www.startup.az/frontend/web/uploads//images/Startup%20%C5%9F%C9%99had%C9%99tnam%C9%99si/kob.jpg,https://www.startup.az/frontend/web/uploads//images/Startup%20%C5%9F%C9%99had%C9%99tnam%C9%99si/kob.jpg,https://www.startup.az/startup-content/ebilestore-477,-----,info@startup.az,,“Eventa” MMC,Satış edir,Axtarılmır,Var,,,
“ECOyem” layihəsi,“ECOyem” layihəsi,"Tullantı qida qalıqlarının təkrar emalı, it və pişiklər üçün konservləşdirilmiş yem istehsalı","Tullantı qida qalıqlarının təkrar emalı, it və pişiklər üçün konservləşdirilmiş yem istehsalı",Ekologiya,https://www.startup.az/frontend/web/uploads//images/Startup%20%C5%9F%C9%99had%C9%99tnam%C9%99si/kob.jpg,https://www.startup.az/frontend/web/uploads//images/Startup%20%C5%9F%C9%99had%C9%99tnam%C9%99si/kob.jpg,https://www.startup.az/startup-content/ecoyem-layihesi-394,http://vxsida.gov.az/az,-----,-----,Cabbarov Cavid Əlövsət oğlu,İşləyir,Axtarılmır,Var,,,
Edumap.az,Edumap.az,"Edumapaz kollektivi olaraq biz gəncləri, cəmiyyətimizi təhsil sahəsindəki yeniliklər barədə məlumatlandırmaq, layihə, təlim, seminar və xaricdəki təhsil imkanları barədə yenilikləri onlarla paylaşmaq məqsədi ilə saytı ərsəyə gətirmişik","Edumap.az kollektivi olaraq biz gəncləri, cəmiyyətimizi təhsil sahəsindəki yeniliklər barədə məlumatlandırmaq, layihə, təlim, seminar və xaricdəki təhsil imkanları barədə yenilikləri onlarla paylaşmaq məqsədi ilə saytı ərsəyə gətirmişik. Sayt daha çox təhsil yönümlü xəbərlərin istehsalı üzrə ixtisaslaşıb. Hədəfimiz gənclərin hərtərəfli inkişafı üçün təhsil imkanları barədə onlara məlumat vermək, onların bilik və bacarıqlarının inkişaf etdirilməsi istiqamətində təşəbbüslərini dəstəkləməkdir.",Təhsil,https://www.startup.az/uploads/images/startup/1064/VILx8QxRCn.png,https://www.startup.az/uploads/images/startup/1064/VILx8QxRCn.png,https://www.startup.az/startup-content/edumap.az-76,http://vxsida.gov.az/az,info@edumap.az,,"Rasim Abdurəhmanov, Toğrul Bayramlı",MVP,50 min AZN -ə,Yoxdur,"Sahil Qələndərov, Azər Məmmədli, Günay Məmmədova",,"Marketinq, SMM mentorlar"
Eleven Kings,Eleven Kings,"Eleven Kings pulsuz futbol meneceri oyunudur  Platformada klubları idarə edə, taktika qura , oyunçu transfer edə, turnirlərə qoşula bilərsiz","Eleven Kings pulsuz futbol meneceri oyunudur.  Platformada klubları idarə edə, taktika qura , oyunçu transfer edə, turnirlərə qoşula bilərsiz. Platforma futbol meneceri kimi bacarıqlarınızı göstərməyə və dünyada tanınmağa imkan yaradır.",İdman,https://www.startup.az/frontend/web/uploads//images/eleven-kigs.jpg,https://www.startup.az/frontend/web/uploads//images/eleven-kigs.jpg,https://www.startup.az/startup-content/eleven-kings-84,https://elevenkings.com/,info@elevenkings.com,https://www.facebook.com/elevenkingsgame/,Orxan Rzyayev,Satış edir,1 milyon AZN +,Yoxdur,....,,Komandaya üzv axtarılmır
Əmir Texniki Xidmətlər,Əmir Texniki Xidmətlər,Bal arılarını gənələrdən təmizlənməsi üzrə qurğunun istehsalı,Bal arılarını gənələrdən təmizlənməsi üzrə qurğunun istehsalı,Kənd təsərrüfatı,https://www.startup.az/frontend/web/uploads//images/kobia.jpg,https://www.startup.az/frontend/web/uploads//images/kobia.jpg,https://www.startup.az/startup-content/emir-texniki-xidmetler-160,prof.vugar.aliyev@gmail.com,prof.vugar.aliyev@gmail.com,994 50 212 55 45,Vüqar Əliyev,Satış edir,25 min AZN-ə qədər,Var,,,
Epoint.az,Epoint.az,Onlayn ödəniş aqreqatoru və elektron ticarət platforması,Onlayn ödəniş aqreqatoru və elektron ticarət platforması,Maliyyə və e-ticarət,https://www.startup.az/frontend/web/uploads//images/e-point.png,https://www.startup.az/frontend/web/uploads//images/e-point.png,https://www.startup.az/startup-content/epoint.az-169,https://epoint.az/,info@epoint.az,"+99470 242 99 66, +99412 488 64 47",,İşləyir,Axtarılmır,Var,,,
"""FOGİTO""","""FOGİTO""",Biznesin idarə edilməsi üzrə onlayn platforma,Biznesin idarə edilməsi üzrə onlayn platforma,Marketinq,https://www.startup.az/frontend/web/uploads//images/kobua.jpg,https://www.startup.az/frontend/web/uploads//images/kobua.jpg,https://www.startup.az/startup-content/fogito-180,https://fogito.com/,info@fogito.com,,"""FOGİTO"" MMC",İşləyir,25 min AZN-ə qədər,Var,,,
"""G-khan""","""G-khan""",Müstəqil kuryerlər və sifarişçilər arasında vasitəçi xidməti,Müstəqil kuryerlər və sifarişçilər arasında vasitəçi xidməti,Nəqliyyat,https://www.startup.az/frontend/web/uploads//images/deliver.png,https://www.startup.az/frontend/web/uploads//images/deliver.png,https://www.startup.az/startup-content/g-khan-187,11delivery.com,m.qaraxani@gmail.com,+99450 245 9303,Mehman Qaraxani,Satış edir,Axtarılmır,Var,2 nəfər,“INNOLAND” İnkubasiya və Akselerasiya Mərkəzi,Proqramçı (həmtəsisçi)
Gbaru,Gbaru,Beynəlxalq təchizat və şəbəkə platforması,Beynəlxalq təchizat və şəbəkə platforması,Maliyyə və e-ticarət,https://www.startup.az/frontend/web/uploads//images/Startup%20%C5%9F%C9%99had%C9%99tnam%C9%99si1/icon.png,https://www.startup.az/frontend/web/uploads//images/Startup%20%C5%9F%C9%99had%C9%99tnam%C9%99si1/icon.png,https://www.startup.az/startup-content/gbaru-413,https://gbaru.com/login,info@gbaru.com,+994 552226464,"""Builders and Realtors Unity""MMC",İşləyir,Axtarılmır,Var,,,
“Glame” layihəsi,“Glame” layihəsi,Gözəllik xidməti və məhsulların satışı üçün onlayn marketpleys,Gözəllik xidməti və məhsulların satışı üçün onlayn marketpleys,Dəb və gözəllik,https://www.startup.az/frontend/web/uploads//images/Startuplar/kobia.jpg,https://www.startup.az/frontend/web/uploads//images/Startuplar/kobia.jpg,https://www.startup.az/startup-content/glame-layihesi-368,https://glame.app/,info@glame.app,,"""Think” MMC",İşləyir,Axtarılmır,Var,,,
Glorri,Glorri,İşə qəbul prosesinin optimallaşdırılması üzrə onlayn platforma (proqram təminatı),İşə qəbul prosesinin optimallaşdırılması üzrə onlayn platforma (proqram təminatı),Marketinq,https://www.startup.az/frontend/web/uploads//images/glorri.jpg,https://www.startup.az/frontend/web/uploads//images/glorri.jpg,https://www.startup.az/startup-content/glorri-217,https://glorri.com/profile/glorri,anar@glorri.com,994 55 227 03 48,Glorri MMC,Satış edir,50 min AZN -ə,Var,,,
"""Goal+"" layihəsi","""Goal+"" layihəsi",Həvəskar idmançılar üçün onlayn platforma,Həvəskar idmançılar üçün onlayn platforma,İdman,https://www.startup.az/frontend/web/uploads//images/Startuplar/goal.jpg,https://www.startup.az/frontend/web/uploads//images/Startuplar/goal.jpg,https://www.startup.az/startup-content/goal-layihesi-384,https://goalplus.az/,info@email.com,,“Oneplusone” MMC,İşləyir,Axtarılmır,Var,,,
“Green Public”,“Green Public”,"Ağacəkmə, yaşıllaşdırma tədbirləri və ianələr üçün onlayn platforma","Ağacəkmə, yaşıllaşdırma tədbirləri və ianələr üçün onlayn platforma",Ekologiya,https://www.startup.az/frontend/web/uploads//images/Startup%20%C5%9F%C9%99had%C9%99tnam%C9%99si1/1739535400706.jpg,https://www.startup.az/frontend/web/uploads//images/Startup%20%C5%9F%C9%99had%C9%99tnam%C9%99si1/1739535400706.jpg,https://www.startup.az/startup-content/green-public-391,https://www.greenpublic.org/,-----,-----,Tural Yusifov,İşləyir,Axtarılmır,Var,,,
“Hatsuu” layihəsi,“Hatsuu” layihəsi,Onlayn təhsil platforması,Onlayn təhsil platforması,Təhsil,https://www.startup.az/frontend/web/uploads//images/Startup%20%C5%9F%C9%99had%C9%99tnam%C9%99si1/images-1.png,https://www.startup.az/frontend/web/uploads//images/Startup%20%C5%9F%C9%99had%C9%99tnam%C9%99si1/images-1.png,https://www.startup.az/startup-content/hatsuu-layihesi-395,https://hatsuu.com/,info@hatsuu.com,(+994 10) 313-66-21,Əliyeva Günay Azər qızı,İşləyir,Axtarılmır,Var,,,
Hesabat.az,Hesabat.az,Bulud tipli onalyn mühasibatlıq proqramı,Bulud tipli onalyn mühasibatlıq proqramı,Maliyyə və e-ticarət,https://www.startup.az/frontend/web/uploads//images/hesabat.png,https://www.startup.az/frontend/web/uploads//images/hesabat.png,https://www.startup.az/startup-content/hesabat.az-167,-----,hajiaga@hajiagali.com,994 70 211 54 40,,Satış edir,25 min AZN-ə qədər,Var,,,
“Hirpo”,“Hirpo”,İşçilərin xidməti fəaliyyətinin ölçülməsi və idarə edilməsi platforması,İşçilərin xidməti fəaliyyətinin ölçülməsi və idarə edilməsi platforması,Marketinq,https://www.startup.az/frontend/web/uploads//images/investor/kob.jpg,https://www.startup.az/frontend/web/uploads//images/investor/kob.jpg,https://www.startup.az/startup-content/hirpo-328,http://vxsida.gov.az/az,info@startup.az,,“Hirpo” MMC,İşləyir,Axtarılmır,Var,,,
“İbex”,“İbex”,Sürücülər və daşıyıcılar üçün balans idarəetmə və ödəniş sistemi,Sürücülər və daşıyıcılar üçün balans idarəetmə və ödəniş sistemi,Nəqliyyat,https://www.startup.az/frontend/web/uploads//images/Startup%20%C5%9F%C9%99had%C9%99tnam%C9%99si/kob.jpg,https://www.startup.az/frontend/web/uploads//images/Startup%20%C5%9F%C9%99had%C9%99tnam%C9%99si/kob.jpg,https://www.startup.az/startup-content/ibex-419,http://vxsida.gov.az/az,-----,-----,"""Multi Solutions"" MMC",İşləyir,Axtarılmır,Var,,,
"“iCheck""","“iCheck""",Onlayn həkim qəbulu üçün mobil platforma,Onlayn həkim qəbulu üçün mobil platforma,Tibb,https://www.startup.az/frontend/web/uploads//images/Startup%20%C5%9F%C9%99had%C9%99tnam%C9%99si/icheck.png,https://www.startup.az/frontend/web/uploads//images/Startup%20%C5%9F%C9%99had%C9%99tnam%C9%99si/icheck.png,https://www.startup.az/startup-content/icheck-456,icheck.az,info@icheck.com,+994558363997i,"""E-Tibb"" MMC",İşləyir,Axtarılmır,Var,,,
“İdeamarket.az” layihəsi,“İdeamarket.az” layihəsi,Müəllif ideyalarını və layihələri investorlara təqdim etmək üçün onlayn platforma,Müəllif ideyalarını və layihələri investorlara təqdim etmək üçün onlayn platforma,Marketinq,https://www.startup.az/frontend/web/uploads//images/Startup%20%C5%9F%C9%99had%C9%99tnam%C9%99si1/hq720.jpg,https://www.startup.az/frontend/web/uploads//images/Startup%20%C5%9F%C9%99had%C9%99tnam%C9%99si1/hq720.jpg,https://www.startup.az/startup-content/ideamarket.az-layihesi-404,https://ideamarket.az/,info@ideamarket.az,(+994 50) 264 39 28,Qədirov Bəhruz Cabbar oğlu,İşləyir,Axtarılmır,Var,,,
"""İloyal"" layihəsi","""İloyal"" layihəsi",Müştəri loyallığı və rəqəmsal menyu idarəetmə platforması,Müştəri loyallığı və rəqəmsal menyu idarəetmə platforması,Marketinq,https://www.startup.az/frontend/web/uploads//images/Startup%20%C5%9F%C9%99had%C9%99tnam%C9%99si1/iloyall.png,https://www.startup.az/frontend/web/uploads//images/Startup%20%C5%9F%C9%99had%C9%99tnam%C9%99si1/iloyall.png,https://www.startup.az/startup-content/iloyal-layihesi-424,https://iloyal.app/,sales@iloyal.app,+994 (50) 600 60 11,İloyal MMC,İşləyir,Axtarılmır,Var,,,
“İnnovativ Hesabat Sistemi”,“İnnovativ Hesabat Sistemi”,Tibb müəssisələrinin ekoloji standartlara uyğun işinin təşkili və idarə edilməsi üçün proqram təminatı,Tibb müəssisələrinin ekoloji standartlara uyğun işinin təşkili və idarə edilməsi üçün proqram təminatı,Tibb,https://www.startup.az/frontend/web/uploads//images/Startup%20%C5%9F%C9%99had%C9%99tnam%C9%99si/kob.jpg,https://www.startup.az/frontend/web/uploads//images/Startup%20%C5%9F%C9%99had%C9%99tnam%C9%99si/kob.jpg,https://www.startup.az/startup-content/innovativ-hesabat-sistemi-491,-----,info@startup.az,,“Professor Rahimov Academic Medical Center” MMC,İşləyir,Axtarılmır,Var,,,
"“İxtisas Seç""","“İxtisas Seç""",Təhsil müəssisələrinə qəbul üçün dəstək həyata keçirən onlayn platforma,Təhsil müəssisələrinə qəbul üçün dəstək həyata keçirən onlayn platforma,Təhsil,https://www.startup.az/frontend/web/uploads//images/Startup%20%C5%9F%C9%99had%C9%99tnam%C9%99si/unnamed-1.png,https://www.startup.az/frontend/web/uploads//images/Startup%20%C5%9F%C9%99had%C9%99tnam%C9%99si/unnamed-1.png,https://www.startup.az/startup-content/ixtisas-sech-471,-----,info@startup.az,,"“İxtisas Seç""  MMC",İşləyir,Axtarılmır,Var,,,
JinTravel,JinTravel,Jintravel sizin tur və ekskursiya ala biləcəyiniz onlayn tur marketdir Burada ölkələrində tur təşkil edən yerli tur bələdçi və şirkətlərlə çalışılılır,"Jintravel sizin tur və ekskursiya ala biləcəyiniz onlayn tur marketdir. Burada ölkələrində tur təşkil edən yerli tur bələdçi və şirkətlərlə çalışılılır. Bu turlar bir günlük və ya çox günlü ola bilər. Jintravelda tarixi, mədəni, təbiət və bir çox başqa kateqoriyalarda turlar var.",İstirahət və turizm,https://www.startup.az/frontend/web/uploads//images/jin.jpeg,https://www.startup.az/frontend/web/uploads//images/jin.jpeg,https://www.startup.az/startup-content/jintravel-104,https://jintravel.com/,support@jintravel.com,+99455 3605660,-----,Satış edir,Axtarılmır,Yoxdur,1-10,,
“JİS.Aİ”,“JİS.Aİ”,Süni intelekt əsasında veb səhifələrin dizaynı və hazırlanması üçün veb platforma,Süni intelekt əsasında veb səhifələrin dizaynı və hazırlanması üçün veb platforma,Qacetlər,https://www.startup.az/frontend/web/uploads//images/Startup%20%C5%9F%C9%99had%C9%99tnam%C9%99si1/jis.jpg,https://www.startup.az/frontend/web/uploads//images/Startup%20%C5%9F%C9%99had%C9%99tnam%C9%99si1/jis.jpg,https://www.startup.az/startup-content/jis.ai-457,https://www.jis.az/az/projects/jis-ai,office@jis.az,+994 77 404 99 00,“Jİ Studio” MMC,İşləyir,Axtarılmır,Var,,,
"""Kəndi-gətir""","""Kəndi-gətir""",Kənd təsərrüfatı məhsullarının onlayn satış platforması,Kənd təsərrüfatı məhsullarının onlayn satış platforması,Kənd təsərrüfatı,https://www.startup.az/frontend/web/uploads//images/Startup%20%C5%9F%C9%99had%C9%99tnam%C9%99si1/images-2.png,https://www.startup.az/frontend/web/uploads//images/Startup%20%C5%9F%C9%99had%C9%99tnam%C9%99si1/images-2.png,https://www.startup.az/startup-content/kendi-getir-438,https://kendmehsullari.az/kendi-getir-kendigetir-tebii-kend-mehsullari/,info@startup.az,070 575 60 32,İbrahimli Cavad,Satış edir,Axtarılmır,Var,,,
"“Kibermaarifləndirmə"" layihəsi","“Kibermaarifləndirmə"" layihəsi",Kibertəhlükəsizlik sahəsində onlayn xidmətlər,Kibertəhlükəsizlik sahəsində onlayn xidmətlər,Qacetlər,https://www.startup.az/frontend/web/uploads//images/Startuplar/cyberdesign.png,https://www.startup.az/frontend/web/uploads//images/Startuplar/cyberdesign.png,https://www.startup.az/startup-content/kibermaariflendirme-layihesi-383,https://cybersign.az/,info@cybersign.az,+994102154321,“Cybersign” MMC,İşləyir,Axtarılmır,Var,,,
“Kidfi”,“Kidfi”,Maliyyə savadlılığını və hesablama bacarıqlarını artıran onlayn platforma və mobil tətbiq,Maliyyə savadlılığını və hesablama bacarıqlarını artıran onlayn platforma və mobil tətbiq,Marketinq,https://www.startup.az/frontend/web/uploads//images/Startup%20%C5%9F%C9%99had%C9%99tnam%C9%99si1/kidfi.png,https://www.startup.az/frontend/web/uploads//images/Startup%20%C5%9F%C9%99had%C9%99tnam%C9%99si1/kidfi.png,https://www.startup.az/startup-content/kidfi-443,https://kidfi.az/,-----,,“KidFi” MMC,İşləyir,Axtarılmır,Var,,,
“Kipias”,“Kipias”,Təmir etmək istəyən ev sahibləri və podratçılar üçün onlayn platforma,Təmir etmək istəyən ev sahibləri və podratçılar üçün onlayn platforma,Həyat tərzi,https://www.startup.az/frontend/web/uploads//images/eco-system/kobia.jpg,https://www.startup.az/frontend/web/uploads//images/eco-system/kobia.jpg,https://www.startup.az/startup-content/kipias-336,http://vxsida.gov.az/az,info@startup.az,,“Kipias” MMC,İşləyir,Axtarılmır,Var,,,
"“Kodlasan""","“Kodlasan""",Abituriyentlərin qəbul ərizələrinin tərtibatı üçün ağıllı onlayn platforma,Abituriyentlərin qəbul ərizələrinin tərtibatı üçün ağıllı onlayn platforma,Təhsil,https://www.startup.az/frontend/web/uploads//images/Startup%20%C5%9F%C9%99had%C9%99tnam%C9%99si/kodlasan.jpg,https://www.startup.az/frontend/web/uploads//images/Startup%20%C5%9F%C9%99had%C9%99tnam%C9%99si/kodlasan.jpg,https://www.startup.az/startup-content/kodlasan-463,https://www.kodlasan.az/,info@kodlasan.az,,"“Kodlasan"" MMC",İşləyir,Axtarılmır,Var,,,
Mediatrends,Mediatrends,Süni intellekt əsaslı media monitorinq və təhlil sistemi,Süni intellekt əsaslı media monitorinq və təhlil sistemi,Marketinq,https://www.startup.az/frontend/web/uploads//images/Startup%20%C5%9F%C9%99had%C9%99tnam%C9%99si1/images-3.png,https://www.startup.az/frontend/web/uploads//images/Startup%20%C5%9F%C9%99had%C9%99tnam%C9%99si1/images-3.png,https://www.startup.az/startup-content/mediatrends-412,https://yenimedia.az/,info@mediatrends.co,+99450 758 36 58,"""Mediatrends""MMC",İşləyir,Axtarılmır,Var,,,
Medsoft.az,Medsoft.az,Səhiyyə müəssisələrində elektron idarəetmənin təşkili üçün proqram təminatı,Səhiyyə müəssisələrində elektron idarəetmənin təşkili üçün proqram təminatı,Tibb,https://www.startup.az/frontend/web/uploads//images/kobia.jpg,https://www.startup.az/frontend/web/uploads//images/kobia.jpg,https://www.startup.az/startup-content/medsoft.az-176,https://medsoft.az/,info@medsoft.az,+994(50) 333 19 96,,İşləyir,Axtarılmır,Yoxdur,,,
“Mənzil Park”,“Mənzil Park”,Yaşayış kompleksləri və binaların idarəedilməsi üçün onlayn platforma,Yaşayış kompleksləri və binaların idarəedilməsi üçün onlayn platforma,Ev və yaşayış,https://www.startup.az/frontend/web/uploads//images/Startup%20%C5%9F%C9%99had%C9%99tnam%C9%99si1/mnzil-park.jpg,https://www.startup.az/frontend/web/uploads//images/Startup%20%C5%9F%C9%99had%C9%99tnam%C9%99si1/mnzil-park.jpg,https://www.startup.az/startup-content/menzil-park-432,https://menzilpark.az/,info@startup.az,,"""Mənzil Park"" Məhdud Məsuliyyətli Cəmiyyəti",İşləyir,Axtarılmır,Var,,,
Metafluence,Metafluence,İnfluencer-lərin öz fanatları ilə görüşə biləcəkləri blokçeyin və NFT əsaslı metaverse platforma,İnfluencer-lərin öz fanatları ilə görüşə biləcəkləri blokçeyin və NFT əsaslı metaverse platforma,Əyləncə,https://www.startup.az/frontend/web/uploads//images/files/img/startup-days-mentors/meta.jpg,https://www.startup.az/frontend/web/uploads//images/files/img/startup-days-mentors/meta.jpg,https://www.startup.az/startup-content/metafluence-215,https://metafluence.com/,contact@metafluence.com,contact@metafluence.com,"Emin Vəli, Vaqif Abbaslı, Elşad Yusifli, Fuad Kərimov",Satış edir,1 milyon AZN +,Yoxdur,1-30,,
"""Metatesk""","""Metatesk""",Onlayn təhsil platforması,Onlayn təhsil platforması,Təhsil,https://www.startup.az/frontend/web/uploads//images/investor/kob.jpg,https://www.startup.az/frontend/web/uploads//images/investor/kob.jpg,https://www.startup.az/startup-content/metatesk-332,http://vxsida.gov.az/az,info@startup.az,,"""Metatesk"" MMC",İşləyir,Axtarılmır,Var,,,
"“Money Tunnel""","“Money Tunnel""",Maliyyə təşkilatları ilə müştəriləri əlaqələndirən mobil tətbiq,Maliyyə təşkilatları ilə müştəriləri əlaqələndirən mobil tətbiq,Maliyyə və e-ticarət,https://www.startup.az/frontend/web/uploads//images/Startup%20%C5%9F%C9%99had%C9%99tnam%C9%99si/moneytunnel.png,https://www.startup.az/frontend/web/uploads//images/Startup%20%C5%9F%C9%99had%C9%99tnam%C9%99si/moneytunnel.png,https://www.startup.az/startup-content/money-tunnel-452,https://moneytunnel.az/,info@moneytunnel.az,+994 50 990 20 70,"“Money Tunnel""  MMC",İşləyir,Axtarılmır,Var,,,
“Mopsn”,“Mopsn”,Müxtəlif xidmətlərin satışı üçün mobil tətbiq (aqreqator),Müxtəlif xidmətlərin satışı üçün mobil tətbiq (aqreqator),Qacetlər,https://www.startup.az/frontend/web/uploads//images/Startup%20%C5%9F%C9%99had%C9%99tnam%C9%99si1/mopsn.png,https://www.startup.az/frontend/web/uploads//images/Startup%20%C5%9F%C9%99had%C9%99tnam%C9%99si1/mopsn.png,https://www.startup.az/startup-content/mopsn-489,https://mopsn.com/,info@startup.az,,“Mopsn” MMC,İşləyir,Axtarılmır,Var,,,
“Motobaza”,“Motobaza”,"Motosiklet, iki təkərli elektrikli nəqliyyat vasitələri və velosipedlər üçün onlayn marketpleys","Motosiklet, iki təkərli elektrikli nəqliyyat vasitələri və velosipedlər üçün onlayn marketpleys",Nəqliyyat,https://www.startup.az/frontend/web/uploads//images/Startup%20%C5%9F%C9%99had%C9%99tnam%C9%99si/kob.jpg,https://www.startup.az/frontend/web/uploads//images/Startup%20%C5%9F%C9%99had%C9%99tnam%C9%99si/kob.jpg,https://www.startup.az/startup-content/motobaza-500,https://motobaza.az/,info@startup.az,,"""Lumusoft"" MMC",İşləyir,Axtarılmır,Var,,,
“N’us Gallery” layihəsi,“N’us Gallery” layihəsi,İncəsənət əsərlərinin satışı üçün onlayn platforma,İncəsənət əsərlərinin satışı üçün onlayn platforma,Marketinq,https://www.startup.az/frontend/web/uploads//images/Startuplar/nus.jpg,https://www.startup.az/frontend/web/uploads//images/Startuplar/nus.jpg,https://www.startup.az/startup-content/n-us-gallery-layihesi-386,https://nus.gallery/,info@nus.gallery,+994555796782,Novruzzadə Nigar Kamal qızı,Satış edir,Axtarılmır,Var,,,
“NaviMax”,“NaviMax”,GPS izləmə platforması (mobil tətbiq),GPS izləmə platforması (mobil tətbiq),Nəqliyyat,https://www.startup.az/frontend/web/uploads//images/Startup%20%C5%9F%C9%99had%C9%99tnam%C9%99si1/naximax.jpg,https://www.startup.az/frontend/web/uploads//images/Startup%20%C5%9F%C9%99had%C9%99tnam%C9%99si1/naximax.jpg,https://www.startup.az/startup-content/navimax-482,https://www.navimax.net/aboutus,info@startup.az,,“NaviMax” MMC,İşləyir,Axtarılmır,Var,,,
“Nomadman Studio” layihəsi,“Nomadman Studio” layihəsi,Kompyuter oyunlarının istehsalı,Kompyuter oyunlarının istehsalı,Oyun,https://www.startup.az/frontend/web/uploads//images/Startup%20%C5%9F%C9%99had%C9%99tnam%C9%99si1/nomadmanstudiologo.jpg,https://www.startup.az/frontend/web/uploads//images/Startup%20%C5%9F%C9%99had%C9%99tnam%C9%99si1/nomadmanstudiologo.jpg,https://www.startup.az/startup-content/nomadman-studio-layihesi-399,https://nomadman.studio/,-----,-----,"""Nomadman Studio"" MMC",İşləyir,Axtarılmır,Var,,,
“Nooshcard”,“Nooshcard”,İşçi heyəti üçün rəqəmsal yemək kartı həlli,İşçi heyəti üçün rəqəmsal yemək kartı həlli,Marketinq,https://www.startup.az/frontend/web/uploads//images/Startup%20%C5%9F%C9%99had%C9%99tnam%C9%99si1/Noosh-card.png,https://www.startup.az/frontend/web/uploads//images/Startup%20%C5%9F%C9%99had%C9%99tnam%C9%99si1/Noosh-card.png,https://www.startup.az/startup-content/nooshcard-433,https://nooshcard.az/,info@nooshcard.az,+994 10 525 88 81,"""Nooshcard"" Məhdud Məsuliyyətli Cəmiyyəti",İşləyir,Axtarılmır,Var,,,
“NovaLingua” layihəsi,“NovaLingua” layihəsi,Xarici dillərin öyrədilməsi və qiymətləndirilməsi üçün süni intellekt əsaslı onlayn platforma,Xarici dillərin öyrədilməsi və qiymətləndirilməsi üçün süni intellekt əsaslı onlayn platforma,Təhsil,https://www.startup.az/frontend/web/uploads//images/Startup%20%C5%9F%C9%99had%C9%99tnam%C9%99si1/skcsc.jpg,https://www.startup.az/frontend/web/uploads//images/Startup%20%C5%9F%C9%99had%C9%99tnam%C9%99si1/skcsc.jpg,https://www.startup.az/startup-content/novalingua-layihesi-402,https://novalingua.org/,tofiq@novalingua.org,051 404 44 04,"""Novalingua"" MMC",İşləyir,Axtarılmır,Var,,,
"“Oenva""","“Oenva""",Onlayn intellektual oyun platforması,Onlayn intellektual oyun platforması,Oyun,https://www.startup.az/frontend/web/uploads//images/Startup%20%C5%9F%C9%99had%C9%99tnam%C9%99si/kob.jpg,https://www.startup.az/frontend/web/uploads//images/Startup%20%C5%9F%C9%99had%C9%99tnam%C9%99si/kob.jpg,https://www.startup.az/startup-content/oenva-485,www.oenva.az,info@startup.az,+994998884088,"“Oenva""  MMC",İşləyir,Axtarılmır,Var,,,
Onepoint,Onepoint,Onepointaz – kredit prosesini avtomatlaşdıran onlayn marketpleysdir,Onepoint.az – kredit prosesini avtomatlaşdıran onlayn marketpleysdir. Müştəriləriniz üçün müstəsna xidmət keyfiyyəti və yüksək satış təmin etmək üçün OnePoint etibarlı tərəfdaşdır. Kreditli satışa yeni yanaşmamız sizin və müştərilərinizin bu sahəyə baxışını dəyişəcək.,Marketinq,https://www.startup.az/frontend/web/uploads//images/investor/OnePointLogoFullDark.png,https://www.startup.az/frontend/web/uploads//images/investor/OnePointLogoFullDark.png,https://www.startup.az/startup-content/onepoint-247,www.virtualcard.az,agshin.mammadaliyev@gmail.com,+994706676040,"Aqşin Məmmədəliyev, Namik Abbasov ""Finmarket"" MMC",Satış edir,Axtarılmır,Var,12 nəfər,“INNOLAND” İnkubasiya və Akselerasiya Mərkəzi,xeyr
"""Onrepetitor""","""Onrepetitor""",Onlayn tədris və hazırlıq platforması,Onlayn tədris və hazırlıq platforması,Təhsil,https://www.startup.az/frontend/web/uploads//images/Startup%20%C5%9F%C9%99had%C9%99tnam%C9%99si1/onerepititor.jpg,https://www.startup.az/frontend/web/uploads//images/Startup%20%C5%9F%C9%99had%C9%99tnam%C9%99si1/onerepititor.jpg,https://www.startup.az/startup-content/onrepetitor-435,https://onrepetitor.az/,info@onrepetitor.com,+994 77-228-22-07,"""Onrepetitor"" Məhdud Məsuliyyətli Cəmiyyəti",İşləyir,Axtarılmır,Var,,,
“Otobaza Azerbaijan”,“Otobaza Azerbaijan”,Avtomobil ehtiyat hissələri üçün marketpleys,Avtomobil ehtiyat hissələri üçün marketpleys,Nəqliyyat,https://www.startup.az/frontend/web/uploads//images/oto.jpg,https://www.startup.az/frontend/web/uploads//images/oto.jpg,https://www.startup.az/startup-content/otobaza-azerbaijan-189,https://otobaza.com/,office@otobaza.com,994 50 655 01 66,,Satış edir,50 min AZN -ə,Var,,,
"""Oxuyan""-Edtech","""Oxuyan""-Edtech",Onlayn imtahanların təşkili üzrə platforma,Onlayn imtahanların təşkili üzrə platforma,Təhsil,https://www.startup.az/frontend/web/uploads//images/oxuyan.png,https://www.startup.az/frontend/web/uploads//images/oxuyan.png,https://www.startup.az/startup-content/oxuyan-edtech-175,-----,info@startup.az,+994 50 870 5801,"Əmiraslan Baxşılı, Orxan Əlixanov",Satış edir,Axtarılmır,Var,2,“INNOLAND” İnkubasiya və Akselerasiya Mərkəzi,Xeyr
“Pacco”,“Pacco”,Onlayn gül və hədiyyə sifarişi platforması,Onlayn gül və hədiyyə sifarişi platforması,Marketinq,https://www.startup.az/frontend/web/uploads//images/Startup%20%C5%9F%C9%99had%C9%99tnam%C9%99si/pacco.jpg,https://www.startup.az/frontend/web/uploads//images/Startup%20%C5%9F%C9%99had%C9%99tnam%C9%99si/pacco.jpg,https://www.startup.az/startup-content/pacco-461,https://pacco.az/,we@pacco.az,,"""Pacco Onlayn Ticarət"" MMC",Satış edir,Axtarılmır,Var,,,
Papigo,Papigo,Heyvan sahibləri və ev heyvanlarına qayğı xidməti göstərən şəxslər arasında əlaqə yaradan rəqəmsal platforma,Heyvan sahibləri və ev heyvanlarına qayğı xidməti göstərən şəxslər arasında əlaqə yaradan rəqəmsal platforma,Ekologiya,https://www.startup.az/frontend/web/uploads//images/eco-system/Papigo-Logo-1.png,https://www.startup.az/frontend/web/uploads//images/eco-system/Papigo-Logo-1.png,https://www.startup.az/startup-content/papigo-262,www.papigo.app,info@papigo.app,+994 55 667 37 29,"Xəyal Novruzov, Aqşin Rəcəbov",İşləyir,Axtarılmır,Yoxdur,"1 developer, 1 UX/UI designer, 1 marketing manager, 1 product owner",ABB Tech Akademiyası,Xeyr
"""Parqour""","""Parqour""",Parkinq üçün proqram təminatı,Parkinq üçün proqram təminatı,Nəqliyyat,https://www.startup.az/frontend/web/uploads//images/eco-system/kobia.jpg,https://www.startup.az/frontend/web/uploads//images/eco-system/kobia.jpg,https://www.startup.az/startup-content/parqour-337,https://www.linkedin.com/company/parqour/,https://www.linkedin.com/company/parqour/,https://www.linkedin.com/company/parqour/,Asim Novruzov,İşləyir,Axtarılmır,Var,,,
“Performance MS”,“Performance MS”,Təhsil müəssisələrinin akademik və administrativ əməliyyatlarının idarəedilməsi üçün platforma və mobil tətbiq,Təhsil müəssisələrinin akademik və administrativ əməliyyatlarının idarəedilməsi üçün platforma və mobil tətbiq,Təhsil,https://www.startup.az/frontend/web/uploads//images/Startup%20%C5%9F%C9%99had%C9%99tnam%C9%99si/kob.jpg,https://www.startup.az/frontend/web/uploads//images/Startup%20%C5%9F%C9%99had%C9%99tnam%C9%99si/kob.jpg,https://www.startup.az/startup-content/performance-ms-497,-----,info@startup.az,,"""Performance Center"" MMC",İşləyir,Axtarılmır,Var,,,
“Poolin İnsurtech” layihəsi,“Poolin İnsurtech” layihəsi,İnsurtech sığorta həlləri üçün onlayn platforma,İnsurtech sığorta həlləri üçün onlayn platforma,Maliyyə və e-ticarət,https://www.startup.az/frontend/web/uploads//images/Startup%20%C5%9F%C9%99had%C9%99tnam%C9%99si1/poolininsurtechlogo.jpg,https://www.startup.az/frontend/web/uploads//images/Startup%20%C5%9F%C9%99had%C9%99tnam%C9%99si1/poolininsurtechlogo.jpg,https://www.startup.az/startup-content/poolin-insurtech-layihesi-400,https://poolin.az/,info@poolin.az,+994556224441,"""Poolin İnsurtech"" MMC",İşləyir,Axtarılmır,Var,,,
“Primus” layihəsi,“Primus” layihəsi,"Tibbi xidmətlərə qeydiyyat, nəzarət və analiz platforması","Tibbi xidmətlərə qeydiyyat, nəzarət və analiz platforması",Tibb,https://www.startup.az/frontend/web/uploads//images/Startup%20%C5%9F%C9%99had%C9%99tnam%C9%99si1/Primus.png,https://www.startup.az/frontend/web/uploads//images/Startup%20%C5%9F%C9%99had%C9%99tnam%C9%99si1/Primus.png;https://primus.az/,https://www.startup.az/startup-content/primus-layihesi-398,https://primus.az/,info@primus.az,+994 10 256 43 31,"""Aprimus"" MMC",İşləyir,Axtarılmır,Var,,,
"“Printfable""","“Printfable""",Fərdi dizaynların onlayn hazırlanması və sifarişi üçün platforma,Fərdi dizaynların onlayn hazırlanması və sifarişi üçün platforma,Ev və yaşayış,https://www.startup.az/frontend/web/uploads//images/Startup%20%C5%9F%C9%99had%C9%99tnam%C9%99si1/logoal.png,https://www.startup.az/frontend/web/uploads//images/Startup%20%C5%9F%C9%99had%C9%99tnam%C9%99si1/logoal.png,https://www.startup.az/startup-content/printfable-476,https://www.printfable.com/en,info@printfable.com,+994 51 656 36 21,"“Printfable""  MMC",İşləyir,Axtarılmır,Var,,,
“Profam”,“Profam”,Sığorta xidmətlərinin göstərilməsinin onlayn platforma vasitəsilə təşkili,Sığorta xidmətlərinin göstərilməsinin onlayn platforma vasitəsilə təşkili,Maliyyə və e-ticarət,https://www.startup.az/frontend/web/uploads//images/home.jpg,https://www.startup.az/frontend/web/uploads//images/home.jpg,https://www.startup.az/startup-content/profam-162,https://insure.az/,aismayilov@insure.az,994 70 343 00 20,“Profam” MMC,Satış edir,Axtarılmır,Var,,,
"""Psixosən""","""Psixosən""",Psixoloq xidmətlərin onlayn təşkili üzrə vasitəçilik xidməti,Psixoloq xidmətlərin onlayn təşkili üzrə vasitəçilik xidməti,Həyat tərzi,https://www.startup.az/frontend/web/uploads//images/kobua.jpg,https://www.startup.az/frontend/web/uploads//images/kobua.jpg,https://www.startup.az/startup-content/psixosen-194,psixosen@gmail.com,psixosen@gmail.com,994 51 541 87 16,"""Psixosən"" MMC",Satış edir,25 min AZN-ə qədər,Yoxdur,,,
“PSM-4”,“PSM-4”,Ətraf mühitin parametrlərinin qeydə alınması üçün nəzarət-ölçü cihazının istehsalı,Ətraf mühitin parametrlərinin qeydə alınması üçün nəzarət-ölçü cihazının istehsalı,Nəqliyyat,https://www.startup.az/frontend/web/uploads//images/Startup%20%C5%9F%C9%99had%C9%99tnam%C9%99si/kob.jpg,https://www.startup.az/frontend/web/uploads//images/Startup%20%C5%9F%C9%99had%C9%99tnam%C9%99si/kob.jpg,https://www.startup.az/startup-content/psm-4-455,-----,info@startup.az,,Qədirov Ramil,İşləyir,Axtarılmır,Var,,,
"""Push 30""","""Push 30""",İdman zallarının xidmətlərinin satışı üzrə vasitəçilik edən onlayn platforma,İdman zallarının xidmətlərinin satışı üzrə vasitəçilik edən onlayn platforma,İdman,https://www.startup.az/frontend/web/uploads//images/push.png,https://www.startup.az/frontend/web/uploads//images/push.png,https://www.startup.az/startup-content/push-30-186,-----,info@startup.az,,"""Push 30"" MMC",İşləyir,25 min AZN-ə qədər,Var,,,
QReact,QReact,QReact müştərilərinizdən real rəylər əldə etməyin müasir üsuludur QR kodunuzu və rəy formasını yaratmaq üçün QReact istifadə edə bilərsiniz,QReact müştərilərinizdən real rəylər əldə etməyin müasir üsuludur. QR kodunuzu və rəy formasını yaratmaq üçün QReact istifadə edə bilərsiniz.,Dizayner,https://www.startup.az/frontend/web/uploads//images/611568486c712545897a5a99qreactneta6073a9119d9.jpeg,https://www.startup.az/frontend/web/uploads//images/611568486c712545897a5a99qreactneta6073a9119d9.jpeg,https://www.startup.az/startup-content/qreact-95,https://www.qreact.net/,https://www.facebook.com/qreact,051 347 23 47,,Satış edir,50 min AZN -ə,Yoxdur,11-50,NEXT STEP  İnnovasiya Mərkəzi,
Reluxe Collection,Reluxe Collection,Yeni və istifadə edilmiş geyim və aksesuarların alışverişi üçün yeni nəsil qarderob,Yeni və istifadə edilmiş geyim və aksesuarların alışverişi üçün yeni nəsil qarderob.,Maliyyə və e-ticarət,https://www.startup.az/frontend/web/uploads//images/files/img/startup/abb.png,https://www.startup.az/frontend/web/uploads//images/files/img/startup/abb.png,https://www.startup.az/startup-content/reluxe-collection-261,http://vxsida.gov.az/az,info@reluxecollection.com,+994 557284375,Nazilə Heydərova Ağazadə Abbasqulu,İşləyir,Axtarılmır,Yoxdur,"1 proqramçı, 1 marketinq menecer, 1 məhsul sahibi, 1 müştəri xidməti  mütəxəssisi",ABB Tech Akademiyası,Xeyr
“Remart” layihəsi,“Remart” layihəsi,Yaşayış kompleksləri üçün onlayn satış və biznes proseslərinin idarəetmə platforması,Yaşayış kompleksləri üçün onlayn satış və biznes proseslərinin idarəetmə platforması,Ev və yaşayış,https://www.startup.az/frontend/web/uploads//images/Startup%20%C5%9F%C9%99had%C9%99tnam%C9%99si1/remart.png,https://www.startup.az/frontend/web/uploads//images/Startup%20%C5%9F%C9%99had%C9%99tnam%C9%99si1/remart.png,https://www.startup.az/startup-content/remart-layihesi-401,https://remart.az/,office@remart.az,+994 50 801-11-70,"""Remart Digital Solutions"" MMC",Satış edir,Axtarılmır,Var,,,
“RoboRek”,“RoboRek”,Reklam robotunun istehsalı və satışı,Reklam robotunun istehsalı və satışı,Marketinq,https://www.startup.az/frontend/web/uploads//images/Startup%20%C5%9F%C9%99had%C9%99tnam%C9%99si/roborek.jpg,https://www.startup.az/frontend/web/uploads//images/Startup%20%C5%9F%C9%99had%C9%99tnam%C9%99si/roborek.jpg,https://www.startup.az/startup-content/roborek-449,https://roborek.com/,info@roborek.com,+994 50 255 87 97,"""Troniq"" MMC",İşləyir,Axtarılmır,Var,,,
RUNNER,RUNNER,"Runner ölkədə ilk dəfə olaraq qeyri-adi kuryer xidmətlərini təqdim edir Müasir texnoloji imkanlardan istifadə edərək həm hüquqi şəxslərə (şirkət, təşkilat, dövlət qurumları və s","Runner ölkədə ilk dəfə olaraq qeyri-adi kuryer xidmətlərini təqdim edir. Müasir texnoloji imkanlardan istifadə edərək həm hüquqi şəxslərə (şirkət, təşkilat, dövlət qurumları və s.), həm də fərdi qaydada istənilən şəxslərə operativ və etibarlı xidmət göstərir.",Nəqliyyat,https://www.startup.az/frontend/web/uploads//images/runner.jpeg,https://www.startup.az/frontend/web/uploads//images/runner.jpeg,https://www.startup.az/startup-content/runner-89,https://www.runner.az/,office@runner.az,+994 12 525 0808,-----,Satış edir,50 min AZN -ə,Yoxdur,1-10,,
“Safbazaar” layihəsi,“Safbazaar” layihəsi,Qida və qeyri-qida məhsullarının satışı üzrə onlayn marketpleys və çatdırılma xidməti,Qida və qeyri-qida məhsullarının satışı üzrə onlayn marketpleys və çatdırılma xidməti,Marketinq,https://www.startup.az/frontend/web/uploads//images/Startup%20%C5%9F%C9%99had%C9%99tnam%C9%99si1/Safbazar.png,https://www.startup.az/frontend/web/uploads//images/Startup%20%C5%9F%C9%99had%C9%99tnam%C9%99si1/Safbazar.png,https://www.startup.az/startup-content/safbazaar-layihesi-425,https://www.safbazaar.com/az,safbazaar.com@gmail.com,+994 98 808 69 88,Muradov Cəmil Rasim oğlu,İşləyir,Axtarılmır,Var,,,
"“Seaya""","“Seaya""",Fərdi evlərin və otellərin rezervasiyası və idarə edilməsi üzrə onlayn platforma,Fərdi evlərin və otellərin rezervasiyası və idarə edilməsi üzrə onlayn platforma,İstirahət və turizm,https://www.startup.az/frontend/web/uploads//images/Startup%20%C5%9F%C9%99had%C9%99tnam%C9%99si1/1728628933528.jpg,https://www.startup.az/frontend/web/uploads//images/Startup%20%C5%9F%C9%99had%C9%99tnam%C9%99si1/1728628933528.jpg,https://www.startup.az/startup-content/seaya-472,https://seaya.az/az,info@startup.az,,"“Seaya""  MMC",İşləyir,Axtarılmır,Var,,,
“SelfBar” layihəsi,“SelfBar” layihəsi,Özünəxidmət kofeşopu və mikromarket üçün ağıllı həllər,Özünəxidmət kofeşopu və mikromarket üçün ağıllı həllər,Marketinq,https://www.startup.az/frontend/web/uploads//images/Startup%20%C5%9F%C9%99had%C9%99tnam%C9%99si/kob.jpg,https://www.startup.az/frontend/web/uploads//images/Startup%20%C5%9F%C9%99had%C9%99tnam%C9%99si/kob.jpg,https://www.startup.az/startup-content/selfbar-layihesi-393,http://vxsida.gov.az/az,-----,-----,Orxan Seyidov,İşləyir,Axtarılmır,Var,Self Tech MMC,,
"""Setup""","""Setup""",Uduşlu bilik yarışmasının təşkili,Uduşlu bilik yarışmasının təşkili,Təhsil,https://www.startup.az/frontend/web/uploads//images/kobua.jpg,https://www.startup.az/frontend/web/uploads//images/kobua.jpg,https://www.startup.az/startup-content/setup-192,sabuhy@nassibov.com,sabuhy@nassibov.com,994 50 223 47 67,Səbuhi Nəsibov,Satış edir,25 min AZN-ə qədər,Var,,,
“Şəxsi Kabinet” layihəsi,“Şəxsi Kabinet” layihəsi,Dövlət qurumlarında və özəl şirkətlərdə kadrların idarəedilməsi üçün onlayn platforma,Dövlət qurumlarında və özəl şirkətlərdə kadrların idarəedilməsi üçün onlayn platforma,Maliyyə və e-ticarət,https://www.startup.az/frontend/web/uploads//images/Startup%20%C5%9F%C9%99had%C9%99tnam%C9%99si/kob.jpg,https://www.startup.az/frontend/web/uploads//images/Startup%20%C5%9F%C9%99had%C9%99tnam%C9%99si/kob.jpg,https://www.startup.az/startup-content/shexsi-kabinet-layihesi-396,http://vxsida.gov.az/az,-----,-----,"""U And R Company” MMC",İşləyir,Axtarılmır,Var,,,
SKAUT,SKAUT,Azarkeşlər üçün İdman NFTləri - həvəskarı olduqları idmançılara və klublara bonuslar və giriş imkanı verir! İdman dünyası üçün isə bu əlavə gəlir mənbəyi və azarkeşlərlə əlaqə qurmağın yeni yoludur,Azarkeşlər üçün İdman NFTləri - həvəskarı olduqları idmançılara və klublara bonuslar və giriş imkanı verir! İdman dünyası üçün isə bu əlavə gəlir mənbəyi və azarkeşlərlə əlaqə qurmağın yeni yoludur,İdman,https://www.startup.az/frontend/web/uploads//images/files/img/startup/skaut.png,https://www.startup.az/frontend/web/uploads//images/files/img/startup/skaut.png,https://www.startup.az/startup-content/skaut-260,www.skaut.uk,office@skaut.uk,+994773884477,"Adil Hüseynzadə, Emin Hüseynzadə",İşləyir,Axtarılmır,Yoxdur,"1 CEO, 1 CFO, 6 International representative (1 Director of Sports Affairs, 1 Football Expert), 1 UX/UI Designer, 1 Web Developer",ABB Tech Akademiyası,No
"""Smart Logistics 2021""","""Smart Logistics 2021""",Yük avtomaşınlarının sifarişi üçün mobil tətbiq,Yük avtomaşınlarının sifarişi üçün mobil tətbiq,Nəqliyyat,https://www.startup.az/frontend/web/uploads//images/kobua.jpg,https://www.startup.az/frontend/web/uploads//images/kobua.jpg,https://www.startup.az/startup-content/smart-logistics-2021-191,info@smartlogistics.az,info@smartlogistics.az,994 77 517 14 14,"""Smart Logistics 2021"" MMC",Satış edir,50 min AZN -ə,Var,,,
“Smart Safe”,“Smart Safe”,Saxlama seyflərinin avtomatik idarə edilməsi üçün aparat -proqram kompleksi,Saxlama seyflərinin avtomatik idarə edilməsi üçün aparat -proqram kompleksi,Web backend development,https://www.startup.az/frontend/web/uploads//images/investor/kob.jpg,https://www.startup.az/frontend/web/uploads//images/investor/kob.jpg,https://www.startup.az/startup-content/smart-safe-327,http://vxsida.gov.az/az,--,,Qədirov Ramil Qurban oğlu,İşləyir,Axtarılmır,Var,,,
"“SmartCardio""","“SmartCardio""",Kardio monitorinq və diagnostika üçün rəqəmsal platforma,Kardio monitorinq və diagnostika üçün rəqəmsal platforma,Nəqliyyat,https://www.startup.az/frontend/web/uploads//images/Startup%20%C5%9F%C9%99had%C9%99tnam%C9%99si/kob.jpg,https://www.startup.az/frontend/web/uploads//images/Startup%20%C5%9F%C9%99had%C9%99tnam%C9%99si/kob.jpg,https://www.startup.az/startup-content/smartcardio-473,-----,info@startup.az,,"""Eurasia Group"" MMC",İşləyir,Axtarılmır,Var,,,
SOFT10,SOFT10,WhatsApp üzərindən avtomatlaşdırılmış müştəri ünsiyyəti və marketinq həlləri təqdim edən platforma,WhatsApp üzərindən avtomatlaşdırılmış müştəri ünsiyyəti və marketinq həlləri təqdim edən platforma,Marketinq,https://www.startup.az/frontend/web/uploads//images/Startup%20%C5%9F%C9%99had%C9%99tnam%C9%99si1/soft10-link-preview.png,https://www.startup.az/frontend/web/uploads//images/Startup%20%C5%9F%C9%99had%C9%99tnam%C9%99si1/soft10-link-preview.png,https://www.startup.az/startup-content/soft10-410,https://soft10.az/,info@soft10.az,+994 50 715 85 03,"""Smart Soft and Services"" MMC",İşləyir,Axtarılmır,Var,,,
"""Steamland Factory""","""Steamland Factory""",Süni intellekt sistemləri üçün məlumat (data) infrastrukturu xidməti,Süni intellekt sistemləri üçün məlumat (data) infrastrukturu xidməti,Qacetlər,https://www.startup.az/frontend/web/uploads//images/Startup%20%C5%9F%C9%99had%C9%99tnam%C9%99si/kob.jpg,https://www.startup.az/frontend/web/uploads//images/Startup%20%C5%9F%C9%99had%C9%99tnam%C9%99si/kob.jpg,https://www.startup.az/startup-content/steamland-factory-431,-----,info@startup.az,,"""Steamland Factory"" Məhdud Məsuliyyətli Cəmiyyəti",İşləyir,Axtarılmır,Var,,,
“Suber”,“Suber”,İçməli su sifarişi üçün mobil tətbiq,İçməli su sifarişi üçün mobil tətbiq,Marketinq,https://www.startup.az/frontend/web/uploads//images/Startup%20%C5%9F%C9%99had%C9%99tnam%C9%99si/kob.jpg,https://www.startup.az/frontend/web/uploads//images/Startup%20%C5%9F%C9%99had%C9%99tnam%C9%99si/kob.jpg,https://www.startup.az/startup-content/suber-494,https://suber.az/,info@startup.az,,“Suber” MMC,Satış edir,Axtarılmır,Var,,,
Sumaks,Sumaks,"Texnoloji məhsul istehsalı, Avtomaks, Fitmaks, Chech up Lift, Sərfiyyata nəzarət cihazlarının hazırlanması","Texnoloji məhsul istehsalı, Avtomaks, Fitmaks, Chech up Lift, Sərfiyyata nəzarət cihazlarının hazırlanması",Nəqliyyat,https://www.startup.az/uploads/images/startup/1066/Jeh7rQwZn-.jpg,https://www.startup.az/uploads/images/startup/1066/Jeh7rQwZn-.jpg,https://www.startup.az/startup-content/sumaks-78,http://vxsida.gov.az/az,javid.mammadov@sumaks.com,Mobil:  050 231 2500,"Cavid Məmmədov, Sənan Quluzadə, Elgün Həsənli",MVP,50 min AZN -ə,Yoxdur,"Cavid Məmmədov, Sənan Quluzadə, Elgün Həsənli,Tural Müzəffərli,Orxan Quluzadə, Heydər Əliyev",,Hazırda tələb edilmir
"""Supply Chain Community""","""Supply Chain Community""",Təchizatçılar və tədarükçülər üçün onlayn platforma,Təchizatçılar və tədarükçülər üçün onlayn platforma,Maliyyə və e-ticarət,https://www.startup.az/frontend/web/uploads//images/kobia.jpg,https://www.startup.az/frontend/web/uploads//images/kobia.jpg,https://www.startup.az/startup-content/supply-chain-community-170,https://scc.az/az/,info@scc.az,(+994 55) 300 3591,"""Supply Chain Community"" MMC",İşləyir,Axtarılmır,Var,,,
“Tapcanlı”,“Tapcanlı”,İnteraktiv mükafatlandırıcı onlayn yarış platforması,İnteraktiv mükafatlandırıcı onlayn yarış platforması,Əyləncə,https://www.startup.az/frontend/web/uploads//images/Startup%20%C5%9F%C9%99had%C9%99tnam%C9%99si1/tapcanli.jpg,https://www.startup.az/frontend/web/uploads//images/Startup%20%C5%9F%C9%99had%C9%99tnam%C9%99si1/tapcanli.jpg,https://www.startup.az/startup-content/tapcanli-459,-----,info@startup.az,,İsmayılov Niyaz,İşləyir,Axtarılmır,Var,,,
Technote,Technote,Technoteaz informasiya portalı Technote Media şirkətinə məxsusdur,"Technote.az informasiya portalı Technote Media şirkətinə məxsusdur. 2015-ci ildən Azərbaycanda fəaliyyət göstərən platformanın əsas məqsədi ölkədə və dünyada baş verən ən son texnoloji yenilikləri, hadisələri doğma dildə yerli oxucu kütləsinə çatdırmaqdır.",Əyləncə,https://www.startup.az/frontend/web/uploads//images/files/img/startup-days-mentors/tec.jpg,https://www.startup.az/frontend/web/uploads//images/files/img/startup-days-mentors/tec.jpg,https://www.startup.az/startup-content/technote-214,https://technote.az/,info@technote.az,+994 50 231 25 38,Fərid Pərdəşünas,Satış edir,100 min AZN-ə qədər,Yoxdur,,,
"""Telsat""","""Telsat""",Mobil telefonların satışı üzrə onlayn platforma,Mobil telefonların satışı üzrə onlayn platforma,Qacetlər,https://www.startup.az/frontend/web/uploads//images/Startup%20%C5%9F%C9%99had%C9%99tnam%C9%99si/telsat.jpg,https://www.startup.az/frontend/web/uploads//images/Startup%20%C5%9F%C9%99had%C9%99tnam%C9%99si/telsat.jpg,https://www.startup.az/startup-content/telsat-331,--- -,info@startup.az,,"""Telsat"" MMC",İşləyir,Axtarılmır,Var,,,
“TOKAZ” layihəsi,“TOKAZ” layihəsi,Elektrik avtomobilləri üçün şarj stansiyalarının idarə ediməsi üçün mobil tətbiq,Elektrik avtomobilləri üçün şarj stansiyalarının idarə ediməsi üçün mobil tətbiq,Nəqliyyat,https://www.startup.az/frontend/web/uploads//images/Startup%20%C5%9F%C9%99had%C9%99tnam%C9%99si1/tokaz.png,https://www.startup.az/frontend/web/uploads//images/Startup%20%C5%9F%C9%99had%C9%99tnam%C9%99si1/tokaz.png,https://www.startup.az/startup-content/tokaz-layihesi-403,https://tok.az/,Info@tok.az,+994 50 202 72 44,"""Tokaz"" MMC",İşləyir,Axtarılmır,Var,,,
Toyda,Toyda,Şənliklərin və toyların idarə edilməsi üçün onlayn platforma,Şənliklərin və toyların idarə edilməsi üçün onlayn platforma,Əyləncə,https://www.startup.az/frontend/web/uploads//images/startup/toyda.jpg,https://www.startup.az/frontend/web/uploads//images/startup/toyda.jpg,https://www.startup.az/startup-content/toyda-309,http://vxsida.gov.az/az,info@startup.az,,"Həsən Tağıyev ""İncode"" MMC",İşləyir,Axtarılmır,Var,,,
"""Trendbazar"" layihəsi","""Trendbazar"" layihəsi",Onlayn ticarət platforması (marketpleys),Onlayn ticarət platforması (marketpleys),Marketinq,https://www.startup.az/frontend/web/uploads//images/Startuplar/trenddbazar.jpg,https://www.startup.az/frontend/web/uploads//images/Startuplar/trenddbazar.jpg,https://www.startup.az/startup-content/trendbazar-layihesi-382,https://trendbazar.az/,info@trendbazar.az,+994513151718,“Trendbazar” MMC,İşləyir,Axtarılmır,Var,,,
Tripsome,Tripsome,Tripsome keçmiş Hadigro startapıdır Tripsome böyüklər və uşaqların yararlana biləcəyi 100-dən çox aktiv fəaliyyəti və masterklassları özündə birləşdirən platformadır,Tripsome keçmiş Hadigro startapıdır. Tripsome böyüklər və uşaqların yararlana biləcəyi 100-dən çox aktiv fəaliyyəti və masterklassları özündə birləşdirən platformadır. Bu fəaliyyətlər öz növbəsində böyüklərin yeni bacarıqlarını üzə çıxarmasına və eyni zamanda uşaqların inkişafı və şəxsiyyət kimi formalaşması üçün valideynlərə dəstək verir.,Ailə və uşaqlar,https://www.startup.az/frontend/web/uploads//images/trip.jpg,https://www.startup.az/frontend/web/uploads//images/trip.jpg,https://www.startup.az/startup-content/tripsome-201,https://tripsome.com/az,info@hadigro.com,077 209 97 00,,Satış edir,1 milyon AZN +,Yoxdur,,,
TUTOR AZ,TUTOR AZ,: Şagirdləri və ya yeni bacarıqlar qazanmaq istəyənləri müəllimlərlə birləşdirən platforma,: Şagirdləri və ya yeni bacarıqlar qazanmaq istəyənləri müəllimlərlə birləşdirən platforma.,Təhsil,https://www.startup.az/frontend/web/uploads//images/files/img/startup/tutor.png,https://www.startup.az/frontend/web/uploads//images/files/img/startup/tutor.png,https://www.startup.az/startup-content/tutor-az-259,www.tutor.az,info@tutor.az,+994 50 254 41 00,Nihat Alakbarli və Fəgan Rasulov,İşləyir,Axtarılmır,Yoxdur,"1 developer, 1 marketing specialist, 1 product manager",ABB Tech Akademiyası,Marketinq menecer
"""Twelfy""","""Twelfy""",Uduşlu bilik yarışmasının təşkili (veb və mobil tətbiq vasitəsilə),Uduşlu bilik yarışmasının təşkili (veb və mobil tətbiq vasitəsilə),Qacetlər,https://www.startup.az/frontend/web/uploads//images/Startup%20%C5%9F%C9%99had%C9%99tnam%C9%99si1/images.jpg,https://www.startup.az/frontend/web/uploads//images/Startup%20%C5%9F%C9%99had%C9%99tnam%C9%99si1/images.jpg,https://www.startup.az/startup-content/twelfy-437,https://twelfy.az/,info@twelfy.az,055 399 95 99,"""Setup"" MMC",İşləyir,Axtarılmır,Var,,,
“Vita Travel”,“Vita Travel”,Sanatoriya və sağlamlıq otellərinin rezervasiyası üçün onlayn platforma,Sanatoriya və sağlamlıq otellərinin rezervasiyası üçün onlayn platforma,İstirahət və turizm,https://www.startup.az/frontend/web/uploads//images/Startup%20%C5%9F%C9%99had%C9%99tnam%C9%99si1/vitatravel.jpg,https://www.startup.az/frontend/web/uploads//images/Startup%20%C5%9F%C9%99had%C9%99tnam%C9%99si1/vitatravel.jpg,https://www.startup.az/startup-content/vita-travel-493,https://vitatravel.az/,info@vitatravel.az,+994 50 997 33 96,“Vita Travel”  MMC,İşləyir,Axtarılmır,Var,,,
Vizam.az,Vizam.az,"Vizamaz dünyanın istənilən ölkəsinə səyahət, təhsil və iş vizalarının alınması üçün sənədlərin hazırlanmasına kömək edən onlayn platformadır","Vizam.az dünyanın istənilən ölkəsinə səyahət, təhsil və iş vizalarının alınması üçün sənədlərin hazırlanmasına kömək edən onlayn platformadır. Viza üçün müraciətin hazırlanması diqqətli yanaşma tələb edən çətin bir prosesdir. Şirkətimiz sizə viza alınmasında maksimum yardım edir və prosesə cəlb olunmanızı minimuma endirir. Vizam.az rüsumunun bazarda mövcud qiymətlərlə müqayisədə daha aşağı olması bizim xidmətləri müştərilər üçün daha cəlbedici edir.",İstirahət və turizm,https://www.startup.az/frontend/web/uploads//images/vizam.jpeg,https://www.startup.az/frontend/web/uploads//images/vizam.jpeg,https://www.startup.az/startup-content/vizam.az-105,https://vizam.az/az,info@vizam.az,+994 55 300 01 35,-----,Satış edir,50 min AZN -ə,Yoxdur,1-10,,
"""Vvaverıty""","""Vvaverıty""",Neft və qaz sektorunda geoloji dataların vizualizasiyası və təhlili üçün proqram təminatı,Neft və qaz sektorunda geoloji dataların vizualizasiyası və təhlili üçün proqram təminatı,Ekologiya,https://www.startup.az/frontend/web/uploads//images/kobia.jpg,https://www.startup.az/frontend/web/uploads//images/kobia.jpg,https://www.startup.az/startup-content/vvaverity-223,http://vxsida.gov.az/az,company@waverity.ai,994 55 640 18 99,"""Vvaverıty"" MMC",Satış edir,25 min AZN-ə qədər,Var,,,
Whelp,Whelp,Online müraciət kanallarında daxil olan sorğuların Vahid pəncərədən idarə olunması və müraciətlərin ChatBot vasitəsi ilə avtomatlaşdırılması,Online müraciət kanallarında daxil olan sorğuların Vahid pəncərədən idarə olunması və müraciətlərin ChatBot vasitəsi ilə avtomatlaşdırılması,Həyat tərzi,https://www.startup.az/frontend/web/uploads//images/kobia.jpg,https://www.startup.az/frontend/web/uploads//images/kobia.jpg,https://www.startup.az/startup-content/whelp-171,whelp.co,seymur@whelp.co,+994 70 317 70 07 (Seymur Rəsulov),"Seymur Rəsulov, Enrike Nurməmmədov",MVP,Axtarılmır,Var,"Seymur Rəsulov, Enrike Nurməmmədov, Anar Aliyev, Əli Heydərli, Amil Əlizadə, Hikmət Səmədov, Heydər Muradov, Sərxan Rəhimli, Fərhad Əsgərov, Dilbər Hüseynzadə, Cəmil Ağasi, Ceyhun Burzuyev, Şahlar Dəmirli, Vasif Həmzətov, Asif Bəşirov, Aygül Osmanli",“INNOLAND” İnkubasiya və Akselerasiya Mərkəzi,Xeyr
“Why Service”,“Why Service”,Xidmətlər üçün veb platforma və mobil tətbiq,Xidmətlər üçün veb platforma və mobil tətbiq,Marketinq,https://www.startup.az/frontend/web/uploads//images/Startup%20%C5%9F%C9%99had%C9%99tnam%C9%99si/kob.jpg,https://www.startup.az/frontend/web/uploads//images/Startup%20%C5%9F%C9%99had%C9%99tnam%C9%99si/kob.jpg,https://www.startup.az/startup-content/why-service-420,http://vxsida.gov.az/az,-----,-----,"""Noteservice"" MMC",İşləyir,Axtarılmır,Var,,,
"“Wondvoy""","“Wondvoy""",Otel və avtomobil rezervasiya platforması,Otel və avtomobil rezervasiya platforması,İstirahət və turizm,https://www.startup.az/frontend/web/uploads//images/Startup%20%C5%9F%C9%99had%C9%99tnam%C9%99si1/Vondvoy.png,https://www.startup.az/frontend/web/uploads//images/Startup%20%C5%9F%C9%99had%C9%99tnam%C9%99si1/Vondvoy.png,https://www.startup.az/startup-content/wondvoy-442,https://wondvoy.net/,-----,,"""Vvonder Voyage"" MMC",İşləyir,Axtarılmır,Var,,,
“Yaxpoint”,“Yaxpoint”,Taksi sifarişi üçün mobil tətbiq,Taksi sifarişi üçün mobil tətbiq,Nəqliyyat,https://www.startup.az/frontend/web/uploads//images/Startup%20%C5%9F%C9%99had%C9%99tnam%C9%99si1/yaxpoint.png,https://www.startup.az/frontend/web/uploads//images/Startup%20%C5%9F%C9%99had%C9%99tnam%C9%99si1/yaxpoint.png,https://www.startup.az/startup-content/yaxpoint-460,-----,info@startup.az,,“Yax” MMC,İşləyir,Axtarılmır,Var,,,
“Yeni Zeon”,“Yeni Zeon”,Rəqəmsal ekosistem xidmətləri,Rəqəmsal ekosistem xidmətləri,Marketinq,https://www.startup.az/frontend/web/uploads//images/eco-system/iitHexoHRYQ93UTft0xq.png,https://www.startup.az/frontend/web/uploads//images/eco-system/iitHexoHRYQ93UTft0xq.png,https://www.startup.az/startup-content/yeni-zeon-340,http://vxsida.gov.az/az,info@startup.az,,“Yeni Zeon”  MMC,İşləyir,Axtarılmır,Var,,,
Yığım,Yığım,"""YİGİM"" ödəniş sistemi","""YİGİM"" ödəniş sistemi",Maliyyə və e-ticarət,https://www.startup.az/frontend/web/uploads//images/eco-system/1-02.png,https://www.startup.az/frontend/web/uploads//images/eco-system/1-02.png,https://www.startup.az/startup-content/yigim-317,https://yigim.az/haqqimizda,info@yigim.az,(+994) 55 255 84 55 ; (+994) 55 205 69 00,"""Drakaris"" MMC",İşləyir,Axtarılmır,Var,,,
“Yoll.az”,“Yoll.az”,Taksi xidmətinin təşkili üçün mobil tətbiq,Taksi xidmətinin təşkili üçün mobil tətbiq,Nəqliyyat,https://www.startup.az/frontend/web/uploads//images/Startup%20%C5%9F%C9%99had%C9%99tnam%C9%99si1/yoll.png,https://www.startup.az/frontend/web/uploads//images/Startup%20%C5%9F%C9%99had%C9%99tnam%C9%99si1/yoll.png,https://www.startup.az/startup-content/yoll.az-499,https://yoll-az.com/,info@startup.az,*4011,"""YOLLAZ"" MMC",İşləyir,Axtarılmır,Var,,,
“Zəka Oyunları”,“Zəka Oyunları”,İnteraktiv video təlim və kommunikasiya platforması,İnteraktiv video təlim və kommunikasiya platforması,Təhsil,https://www.startup.az/frontend/web/uploads//images/Startup%20%C5%9F%C9%99had%C9%99tnam%C9%99si/kob.jpg,https://www.startup.az/frontend/web/uploads//images/Startup%20%C5%9F%C9%99had%C9%99tnam%C9%99si/kob.jpg,https://www.startup.az/startup-content/zeka-oyunlari-451,https://zekaoyunlari.az/,zekaoyunlari.az@gmail.com,+994507358256,Gülmalızadə Rüfət,İşləyir,Axtarılmır,Var,,,
